Iteration,Accuracy (approx),Average Population Generality,Macropopulation Size,Micropopulation Size,Match Set Size,Action Set Size,Average Iteration Age of Action Set Classifiers,# Classifiers Subsumed in Iteration,# Crossover Operations Performed in Iteration,# Mutation Operations Performed in Iteration,# Covering Operations Performed in Iteration,# Deletion Operations Performed in Iteration,Total Global Time,Total Matching Time,Total Deletion Time,Total Subsumption Time,Total GA Time,Total Evaluation Time
0,0,0,4,4,4,1,0.0,0,0,0,4,0,0.0,0.0,0.0,0.0,0.0,0.0
1,0.0,0,6,6,4,1,0.0,0,0,0,2,0,0.0,0.0,0.0,0.0,0.0,0.0
2,0.5,0,8,8,4,1,0.0,0,0,0,2,0,0.0,0.0,0.0,0.0,0.0,0.0
3,0.5,0.5666666666666667,10,10,4,1,3.0,0,0,0,2,0,0.0,0.0,0.0,0.0,0.0,0.0
4,0.3333333333333333,0.5666666666666667,10,10,4,1,4.0,0,0,0,0,0,0.0,0.0,0.0,0.0,0.0,0.0
5,0.3333333333333333,0.5666666666666667,10,10,4,1,4.0,0,0,0,0,0,0.0,0.0,0.0,0.0,0.0,0.0
6,0.5,0.5666666666666667,10,10,4,1,4.0,0,0,0,0,0,0.0,0.0,0.0,0.0,0.0,0.0
7,0.4,0.5666666666666667,10,10,4,1,4.0,0,0,0,0,0,0.0,0.0,0.0,0.0,0.0,0.0
8,0.4,0.5666666666666667,10,10,4,1,8.0,0,0,0,0,0,0.0,0.0,0.0,0.0,0.0,0.0
9,0.3333333333333333,0.5666666666666667,10,10,4,1,8.0,0,0,0,0,0,0.0,0.0,0.0,0.0,0.0,0.0
10,0.42857142857142855,0.5666666666666667,10,10,4,1,8.0,0,0,0,0,0,0.0,0.0,0.0,0.0,0.0,0.0
11,0.5,0.5666666666666667,10,10,4,1,8.0,0,0,0,0,0,0.0,0.0,0.0,0.0,0.0,0.0
12,0.5,0.5666666666666667,10,10,4,1,12.0,0,0,0,0,0,0.0,0.0,0.0,0.0,0.0,0.0
13,0.5,0.5666666666666667,10,10,4,1,13.0,0,0,0,0,0,0.0,0.0,0.0,0.0,0.0,0.0
14,0.5555555555555556,0.5666666666666667,10,10,4,1,12.0,0,0,0,0,0,0.0,0.0,0.0,0.0,0.0,0.0
15,0.5555555555555556,0.5666666666666667,10,10,4,1,12.0,0,0,0,0,0,0.0,0.0,0.0,0.0,0.0,0.0
16,0.6,0.5666666666666667,10,10,4,1,16.0,0,0,0,0,0,0.0,0.0,0.0,0.0,0.0,0.0
17,0.5454545454545454,0.5666666666666667,10,10,4,1,17.0,0,0,0,0,0,0.0,0.0,0.0,0.0,0.0,0.0
18,0.5833333333333334,0.5666666666666667,10,10,4,1,16.0,0,0,0,0,0,0.0,0.0,0.0,0.0,0.0,0.0
19,0.5833333333333334,0.5666666666666667,10,10,4,1,16.0,0,0,0,0,0,0.0,0.0,0.0,0.0,0.0,0.0
20,0.5833333333333334,0.5666666666666667,10,10,4,1,20.0,0,0,0,0,0,0.0,0.0,0.0,0.0,0.0,0.0
21,0.5384615384615384,0.5666666666666667,10,10,4,1,21.0,0,0,0,0,0,0.0,0.0,0.0,0.0,0.0,0.0
22,0.5714285714285714,0.5666666666666667,10,10,4,1,20.0,0,0,0,0,0,0.0,0.0,0.0,0.0,0.0,0.0
23,0.5714285714285714,0.5666666666666667,10,10,4,1,23.0,0,0,0,0,0,0.0,0.0,0.0,0.0,0.0,0.0
24,0.6,0.5666666666666667,10,10,4,1,24.0,0,0,0,0,0,0.0,0.0,0.0,0.0,0.0,0.0
25,0.5625,0.5666666666666667,10,10,4,1,25.0,0,0,0,0,0,0.0,0.0,0.0,0.0,0.0,0.0
26,0.5882352941176471,0.5666666666666667,10,10,4,1,24.0,0,0,0,0,0,0.0,0.0,0.0,0.0,0.0,0.0
27,0.6111111111111112,0.5666666666666667,10,10,4,1,24.0,0,0,0,0,0,0.0,0.0,0.0,0.0,0.0,0.0
28,0.6111111111111112,0.5666666666666667,10,10,4,1,28.0,0,0,0,0,0,0.0,0.0,0.0,0.0,0.0,0.0
29,0.6111111111111112,0.5666666666666667,11,12,4,1,28.0,0,0,1,0,0,0.0,0.0,0.0,0.0,0.0,0.0
30,0.631578947368421,0.5666666666666667,11,12,4,1,28.0,0,0,0,0,0,0.0,0.0,0.0,0.0,0.0,0.0
31,0.631578947368421,0.5555555555555556,11,12,4,1,31.0,0,0,0,0,0,0.0,0.0,0.0,0.0,0.0,0.0
32,0.65,0.5555555555555556,11,12,4,1,32.0,0,0,0,0,0,0.0,0.0,0.0,0.0,0.0,0.0
33,0.6190476190476191,0.5555555555555556,11,12,5,1,33.0,0,0,0,0,0,0.0,0.0,0.0,0.0,0.0,0.0
34,0.6363636363636364,0.5555555555555556,11,12,4,1,32.0,0,0,0,0,0,0.0,0.0,0.0,0.0,0.0,0.0
35,0.6363636363636364,0.5555555555555556,11,12,4,1,32.0,0,0,0,0,0,0.0,0.0,0.0,0.0,0.0,0.0
36,0.6363636363636364,0.5555555555555556,12,14,4,1,36.0,0,0,1,0,0,0.0,0.0,0.0,0.0,0.0,0.0
37,0.6086956521739131,0.5555555555555556,12,14,6,1,37.0,0,0,0,0,0,0.0,0.0,0.0,0.0,0.0,0.0
38,0.6086956521739131,0.5555555555555556,12,14,5,2,19.0,0,0,0,0,0,0.0,0.0,0.0,0.0,0.0,0.0
39,0.6086956521739131,0.5476190476190477,12,14,5,1,39.0,0,0,0,0,0,0.0,0.0,0.0,0.0,0.0,0.0
40,0.6086956521739131,0.5476190476190477,12,14,5,1,40.0,0,0,0,0,0,0.0,0.0,0.0,0.0,0.0,0.0
41,0.5833333333333334,0.5476190476190477,12,14,6,1,41.0,0,0,0,0,0,0.0,0.0,0.0,0.0,0.0,0.0
42,0.6,0.5476190476190477,12,14,5,2,23.0,0,0,0,0,0,0.0,0.0,0.0,0.0,0.0,0.0
43,0.6153846153846154,0.5476190476190477,12,14,5,1,40.0,0,0,0,0,0,0.0,0.0,0.0,0.0,0.0,0.0
44,0.6153846153846154,0.5476190476190477,12,14,5,1,44.0,0,0,0,0,0,0.0,0.0,0.0,0.0,0.0,0.0
45,0.6153846153846154,0.5476190476190477,12,14,6,2,26.5,0,0,0,0,0,0.0,0.0,0.0,0.0,0.0,0.0
46,0.6296296296296297,0.5476190476190477,12,14,5,2,27.0,0,0,0,0,0,0.0,0.0,0.0,0.0,0.0,0.0
47,0.6428571428571429,0.5476190476190477,12,14,5,1,44.0,0,0,0,0,0,0.0,0.0,0.0,0.0,0.0,0.0
48,0.6428571428571429,0.5476190476190477,12,14,5,1,48.0,0,0,0,0,0,0.0,0.0,0.0,0.0,0.0,0.0
49,0.6428571428571429,0.5476190476190477,12,14,6,1,49.0,0,0,0,0,0,0.0,0.0,0.0,0.0,0.0,0.0
50,0.6428571428571429,0.5476190476190477,12,14,5,1,50.0,0,0,0,0,0,0.0,0.0,0.0,0.0,0.0,0.0
51,0.6551724137931034,0.5476190476190477,12,14,5,1,48.0,0,0,0,0,0,0.0,0.0,0.0,0.0,0.0,0.0
52,0.6551724137931034,0.5476190476190477,12,14,5,1,52.0,0,0,0,0,0,0.0,0.0,0.0,0.0,0.0,0.0
53,0.6333333333333333,0.5476190476190477,12,14,6,1,53.0,0,0,0,0,0,0.0,0.0,0.0,0.0,0.0,0.0
54,0.6333333333333333,0.5476190476190477,13,16,5,1,52.0,0,0,1,0,0,0.0,0.0,0.0,0.0,0.0,0.0
55,0.6333333333333333,0.5624999999999999,13,16,5,1,55.0,0,0,0,0,0,0.0,0.0,0.0,0.0,0.0,0.0
56,0.6333333333333333,0.5624999999999999,13,16,5,1,56.0,0,0,0,0,0,0.0,0.0,0.0,0.0,0.0,0.0
57,0.6333333333333333,0.5624999999999999,13,17,6,2,42.0,0,0,1,0,0,0.0,0.0,0.0,0.0,0.0,0.0
58,0.6333333333333333,0.5624999999999999,13,17,6,1,58.0,0,0,0,0,0,0.0,0.0,0.0,0.0,0.0,0.0
59,0.6333333333333333,0.5490196078431372,13,17,5,2,39.5,0,0,0,0,0,0.0,0.0,0.0,0.0,0.0,0.0
60,0.6451612903225806,0.5490196078431372,13,17,5,1,60.0,0,0,0,0,0,0.0,0.0,0.0,0.0,0.0,0.0
61,0.6451612903225806,0.5490196078431372,13,17,6,2,42.5,0,0,0,0,0,0.0,0.0,0.0,0.0,0.0,0.0
62,0.65625,0.5490196078431372,13,17,6,3,31.333333333333332,0,0,0,0,0,0.0,0.0,0.0,0.0,0.0,0.0
63,0.65625,0.5490196078431372,13,17,5,1,63.0,0,0,0,0,0,0.0,0.0,0.0,0.0,0.0,0.0
64,0.6666666666666666,0.5490196078431372,13,17,5,1,64.0,0,0,0,0,0,0.0,0.0,0.0,0.0,0.0,0.0
65,0.6470588235294118,0.5490196078431372,13,17,6,1,65.0,0,0,0,0,0,0.0,0.0,0.0,0.0,0.0,0.0
66,0.6470588235294118,0.5490196078431372,13,17,6,3,35.33333333333333,0,0,0,0,0,0.0,0.0,0.0,0.0,0.0,0.0
67,0.6571428571428571,0.5490196078431372,13,17,5,1,64.0,0,0,0,0,0,0.0,0.0,0.0,0.0,0.0,0.0
68,0.6571428571428571,0.5490196078431372,13,17,5,2,56.0,0,0,0,0,0,0.0,0.0,0.0,0.0,0.0,0.0
69,0.6388888888888888,0.5490196078431372,13,17,6,1,69.0,0,0,0,0,0,0.0,0.0,0.0,0.0,0.0,0.0
70,0.6388888888888888,0.5490196078431372,13,17,6,1,70.0,0,0,0,0,0,0.0,0.0,0.0,0.0,0.0,0.0
71,0.6486486486486487,0.5490196078431372,13,17,5,1,68.0,0,0,0,0,0,0.0,0.0,0.0,0.0,0.0,0.0
72,0.6486486486486487,0.5490196078431372,13,17,5,1,72.0,0,0,0,0,0,0.0,0.0,0.0,0.0,0.0,0.0
73,0.6486486486486487,0.5490196078431372,13,17,6,2,54.5,0,0,0,0,0,0.0,0.0,0.0,0.0,0.0,0.0
74,0.6486486486486487,0.5490196078431372,13,17,6,1,74.0,0,0,0,0,0,0.0,0.0,0.0,0.0,0.0,0.0
75,0.6486486486486487,0.5490196078431372,13,17,5,1,75.0,0,0,0,0,0,0.0,0.0,0.0,0.0,0.0,0.0
76,0.6486486486486487,0.5490196078431372,13,17,5,1,76.0,0,0,0,0,0,0.0,0.0,0.0,0.0,0.0,0.0
77,0.6486486486486487,0.5490196078431372,13,17,6,2,58.5,0,0,0,0,0,0.0,0.0,0.0,0.0,0.0,0.0
78,0.6486486486486487,0.5490196078431372,13,17,6,1,78.0,0,0,0,0,0,0.0,0.0,0.0,0.0,0.0,0.0
79,0.6578947368421053,0.5490196078431372,13,17,5,1,76.0,0,0,0,0,0,0.0,0.0,0.0,0.0,0.0,0.0
80,0.6666666666666666,0.5490196078431372,13,17,5,1,80.0,0,0,0,0,0,0.0,0.0,0.0,0.0,0.0,0.0
81,0.65,0.5490196078431372,13,17,6,1,81.0,0,0,0,0,0,0.0,0.0,0.0,0.0,0.0,0.0
82,0.6585365853658537,0.5490196078431372,13,17,6,3,51.33333333333333,0,0,0,0,0,0.0,0.0,0.0,0.0,0.0,0.0
83,0.6666666666666666,0.5490196078431372,13,17,5,1,80.0,0,0,0,0,0,0.0,0.0,0.0,0.0,0.0,0.0
84,0.6744186046511628,0.5490196078431372,13,17,5,1,84.0,0,0,0,0,0,0.0,0.0,0.0,0.0,0.0,0.0
85,0.6744186046511628,0.5490196078431372,13,17,6,1,85.0,0,0,0,0,0,0.0,0.0,0.0,0.0,0.0,0.0
86,0.6744186046511628,0.5490196078431372,13,17,6,1,86.0,0,0,0,0,0,0.0,0.0,0.0,0.0,0.0,0.0
87,0.6818181818181818,0.5490196078431372,13,17,5,1,84.0,0,0,0,0,0,0.0,0.0,0.0,0.0,0.0,0.0
88,0.6818181818181818,0.5490196078431372,14,19,5,1,88.0,0,0,1,0,0,0.0,0.0,0.0,0.0,0.0,0.0
89,0.6666666666666666,0.5490196078431372,14,19,6,1,89.0,0,0,0,0,0,0.0,0.0,0.0,0.0,0.0,0.0
90,0.6666666666666666,0.5490196078431372,14,19,6,1,90.0,0,0,0,0,0,0.0,0.0,0.0,0.0,0.0,0.0
91,0.6666666666666666,0.5438596491228069,14,19,5,1,91.0,0,0,0,0,0,0.0,0.0,0.0,0.0,0.0,0.0
92,0.6666666666666666,0.5438596491228069,14,19,6,1,92.0,0,0,0,0,0,0.0,0.0,0.0,0.0,0.0,0.0
93,0.6521739130434783,0.5438596491228069,14,19,6,1,93.0,0,0,0,0,0,0.0,0.0,0.0,0.0,0.0,0.0
94,0.6595744680851063,0.5438596491228069,14,19,6,3,63.33333333333333,0,0,0,0,0,0.0,0.0,0.0,0.0,0.0,0.0
95,0.6666666666666666,0.5438596491228069,14,19,5,1,92.0,0,0,0,0,0,0.0,0.0,0.0,0.0,0.0,0.0
96,0.6666666666666666,0.5438596491228069,14,19,6,1,96.0,0,0,0,0,0,0.0,0.0,0.0,0.0,0.0,0.0
97,0.6666666666666666,0.5438596491228069,14,19,6,2,78.5,0,0,0,0,0,0.0,0.0,0.0,0.0,0.0,0.0
98,0.6666666666666666,0.5438596491228069,14,19,6,1,96.0,0,0,0,0,0,0.0,0.0,0.0,0.0,0.0,0.0
99,0.6666666666666666,0.5438596491228069,14,19,5,2,79.5,0,0,0,0,0,0.0,0.0,0.0,0.0,0.0,0.0
100,0.6666666666666666,0.5438596491228069,14,19,6,2,70.66666666666667,0,0,0,0,0,0.0,0.0,0.0,0.0,0.0,0.0
101,0.6666666666666666,0.5438596491228069,14,19,6,2,82.5,0,0,0,0,0,0.0,0.0,0.0,0.0,0.0,0.0
102,0.673469387755102,0.5438596491228069,14,19,6,3,71.33333333333333,0,0,0,0,0,0.0,0.0,0.0,0.0,0.0,0.0
103,0.673469387755102,0.5438596491228069,14,19,5,1,103.0,0,0,0,0,0,0.0,0.0,0.0,0.0,0.0,0.0
104,0.68,0.5438596491228069,14,19,6,1,104.0,0,0,0,0,0,0.0,0.0,0.0,0.0,0.0,0.0
105,0.68,0.5438596491228069,14,19,6,1,105.0,0,0,0,0,0,0.0,0.0,0.0,0.0,0.0,0.0
106,0.68,0.5438596491228069,14,19,6,1,106.0,0,0,0,0,0,0.0,0.0,0.0,0.0,0.0,0.0
107,0.68,0.5438596491228069,14,19,5,1,104.0,0,0,0,0,0,0.0,0.0,0.0,0.0,0.0,0.0
108,0.68,0.5438596491228069,14,19,6,1,108.0,0,0,0,0,0,0.0,0.0,0.0,0.0,0.0,0.0
109,0.68,0.5438596491228069,14,19,6,2,94.0,0,0,0,0,0,0.0,0.0,0.0,0.0,0.0,0.0
110,0.7,0.5438596491228069,14,19,6,3,79.33333333333333,0,0,0,0,0,0.0,0.0,0.0,0.0,0.0,0.0
111,0.7,0.5438596491228069,14,19,5,2,91.5,0,0,0,0,0,0.0,0.0,0.0,0.0,0.0,0.0
112,0.7,0.5438596491228069,14,19,6,1,112.0,0,0,0,0,0,0.0,0.0,0.0,0.0,0.0,0.0
113,0.7,0.5438596491228069,14,19,6,1,113.0,0,0,0,0,0,0.0,0.0,0.0,0.0,0.0,0.0
114,0.7,0.5438596491228069,14,19,6,1,112.0,0,0,0,0,0,0.0,0.0,0.0,0.0,0.0,0.0
115,0.72,0.5438596491228069,14,19,5,1,112.0,0,0,0,0,0,0.0,0.0,0.0,0.0,0.0,0.0
116,0.72,0.5438596491228069,15,21,6,2,107.0,0,0,1,0,0,0.0,0.0,0.0,0.0,0.0,0.0
117,0.72,0.5438596491228069,15,21,6,1,117.0,0,0,0,0,0,0.0,0.0,0.0,0.0,0.0,0.0
118,0.72,0.5438596491228069,15,21,6,3,87.33333333333333,0,0,0,0,0,0.0,0.0,0.0,0.0,0.0,0.0
119,0.72,0.5238095238095238,15,21,5,1,116.0,0,0,0,0,0,0.0,0.0,0.0,0.0,0.0,0.0
120,0.72,0.5238095238095238,15,21,7,2,62.0,0,0,0,0,0,0.0,0.0,0.0,0.0,0.0,0.0
121,0.72,0.5238095238095238,15,21,6,2,102.5,0,0,0,0,0,0.0,0.0,0.0,0.0,0.0,0.0
122,0.72,0.5238095238095238,15,21,6,3,91.33333333333333,0,0,0,0,0,0.0,0.0,0.0,0.0,0.0,0.0
123,0.72,0.5238095238095238,15,21,5,2,103.5,0,0,0,0,0,0.0,0.0,0.0,0.0,0.0,0.0
124,0.72,0.5238095238095238,15,21,7,2,94.66666666666667,0,0,0,0,0,0.0,0.0,0.0,0.0,0.0,0.0
125,0.7,0.5238095238095238,15,21,6,1,125.0,0,0,0,0,0,0.0,0.0,0.0,0.0,0.0,0.0
126,0.72,0.5238095238095238,15,21,6,3,95.33333333333333,0,0,0,0,0,0.0,0.0,0.0,0.0,0.0,0.0
127,0.72,0.5238095238095238,15,21,5,2,107.5,0,0,0,0,0,0.0,0.0,0.0,0.0,0.0,0.0
128,0.72,0.5238095238095238,15,21,7,2,70.0,0,0,0,0,0,0.0,0.0,0.0,0.0,0.0,0.0
129,0.72,0.5238095238095238,15,21,6,1,129.0,0,0,0,0,0,0.0,0.0,0.0,0.0,0.0,0.0
130,0.72,0.5238095238095238,15,21,6,1,130.0,0,0,0,0,0,0.0,0.0,0.0,0.0,0.0,0.0
131,0.74,0.5238095238095238,15,21,5,1,128.0,0,0,0,0,0,0.0,0.0,0.0,0.0,0.0,0.0
132,0.74,0.5238095238095238,15,21,7,2,74.0,0,0,0,0,0,0.0,0.0,0.0,0.0,0.0,0.0
133,0.74,0.5238095238095238,15,21,6,1,133.0,0,0,0,0,0,0.0,0.0,0.0,0.0,0.0,0.0
134,0.74,0.5238095238095238,15,21,6,1,134.0,0,0,0,0,0,0.0,0.0,0.0,0.0,0.0,0.0
135,0.74,0.5238095238095238,15,21,5,2,115.5,0,0,0,0,0,0.0,0.0,0.0,0.0,0.0,0.0
136,0.74,0.5238095238095238,15,21,7,2,78.0,0,0,0,0,0,0.0,0.0,0.0,0.0,0.0,0.0
137,0.74,0.5238095238095238,15,21,6,1,137.0,0,0,0,0,0,0.0,0.0,0.0,0.0,0.0,0.0
138,0.74,0.5238095238095238,15,21,6,3,107.33333333333333,0,0,0,0,0,0.0,0.0,0.0,0.0,0.0,0.0
139,0.74,0.5238095238095238,15,21,5,1,136.0,0,0,0,0,0,0.0,0.0,0.0,0.0,0.0,0.0
140,0.74,0.5238095238095238,15,21,7,2,82.0,0,0,0,0,0,0.0,0.0,0.0,0.0,0.0,0.0
141,0.72,0.5238095238095238,15,21,6,1,141.0,0,0,0,0,0,0.0,0.0,0.0,0.0,0.0,0.0
142,0.72,0.5238095238095238,15,21,6,1,142.0,0,0,0,0,0,0.0,0.0,0.0,0.0,0.0,0.0
143,0.72,0.5238095238095238,15,21,5,1,143.0,0,0,0,0,0,0.0,0.0,0.0,0.0,0.0,0.0
144,0.72,0.5238095238095238,15,21,7,2,86.0,0,0,0,0,0,0.0,0.0,0.0,0.0,0.0,0.0
145,0.72,0.5238095238095238,15,21,6,1,145.0,0,0,0,0,0,0.0,0.0,0.0,0.0,0.0,0.0
146,0.72,0.5238095238095238,15,21,6,3,115.33333333333333,0,0,0,0,0,0.0,0.0,0.0,0.0,0.0,0.0
147,0.74,0.5238095238095238,15,21,5,1,144.0,0,0,0,0,0,0.0,0.0,0.0,0.0,0.0,0.0
148,0.74,0.5238095238095238,15,21,7,1,148.0,0,0,0,0,0,0.0,0.0,0.0,0.0,0.0,0.0
149,0.74,0.5238095238095238,15,21,6,1,149.0,0,0,0,0,0,0.0,0.0,0.0,0.0,0.0,0.0
150,0.74,0.5238095238095238,15,21,6,3,119.33333333333333,0,0,0,0,0,0.0,0.0,0.0,0.0,0.0,0.0
151,0.74,0.5238095238095238,15,21,5,2,131.5,0,0,0,0,0,0.0,0.0,0.0,0.0,0.0,0.0
152,0.74,0.5238095238095238,15,21,7,2,94.0,0,0,0,0,0,0.0,0.0,0.0,0.0,0.0,0.0
153,0.72,0.5238095238095238,15,21,6,1,153.0,0,0,0,0,0,0.0,0.0,0.0,0.0,0.0,0.0
154,0.72,0.5238095238095238,15,21,6,3,123.33333333333333,0,0,0,0,0,0.0,0.0,0.0,0.0,0.0,0.0
155,0.72,0.5238095238095238,15,21,5,2,135.5,0,0,0,0,0,0.0,0.0,0.0,0.0,0.0,0.0
156,0.72,0.5238095238095238,15,21,7,1,156.0,0,0,0,0,0,0.0,0.0,0.0,0.0,0.0,0.0
157,0.7,0.5238095238095238,15,21,6,1,157.0,0,0,0,0,0,0.0,0.0,0.0,0.0,0.0,0.0
158,0.7,0.5238095238095238,15,21,6,1,158.0,0,0,0,0,0,0.0,0.0,0.0,0.0,0.0,0.0
159,0.7,0.5238095238095238,15,21,5,1,159.0,0,0,0,0,0,0.0,0.0,0.0,0.0,0.0,0.0
160,0.7,0.5238095238095238,15,21,7,2,102.0,0,0,0,0,0,0.0,0.0,0.0,0.0,0.0,0.0
161,0.7,0.5238095238095238,16,23,6,2,148.8,0,0,1,0,0,0.0,0.0,0.0,0.0,0.0,0.0
162,0.7,0.5238095238095238,16,23,6,1,162.0,0,0,0,0,0,0.0,0.0,0.0,0.0,0.0,0.0
163,0.7,0.5217391304347826,16,23,5,1,160.0,0,0,0,0,0,0.0,0.0,0.0,0.0,0.0,0.0
164,0.7,0.5217391304347826,17,25,7,2,120.0,0,0,1,0,0,0.0,0.0,0.0,0.0,0.0,0.0
165,0.7,0.5217391304347826,17,25,7,1,165.0,0,0,0,0,0,0.0,0.0,0.0,0.0,0.0,0.0
166,0.7,0.5217391304347826,17,25,6,1,166.0,0,0,0,0,0,0.0,0.0,0.0,0.0,0.0,0.0
167,0.7,0.5199999999999999,17,25,5,1,167.0,0,0,0,0,0,0.0,0.0,0.0,0.0,0.0,0.0
168,0.7,0.5199999999999999,17,25,8,2,110.0,0,0,0,0,0,0.0,0.0,0.0,0.0,0.0,0.0
169,0.68,0.5199999999999999,17,25,7,1,169.0,0,0,0,0,0,0.0,0.0,0.0,0.0,0.0,0.0
170,0.68,0.5199999999999999,17,25,6,1,170.0,0,0,0,0,0,0.0,0.0,0.0,0.0,0.0,0.0
171,0.68,0.5199999999999999,17,25,5,1,171.0,0,0,0,0,0,0.01564955711364746,0.01564955711364746,0.0,0.0,0.0,0.0
172,0.68,0.5199999999999999,17,25,8,2,114.0,0,0,0,0,0,0.01564955711364746,0.01564955711364746,0.0,0.0,0.0,0.0
173,0.68,0.5199999999999999,17,25,7,3,136.0,0,0,0,0,0,0.01564955711364746,0.01564955711364746,0.0,0.0,0.0,0.0
174,0.68,0.5199999999999999,17,25,6,3,143.33333333333334,0,0,0,0,0,0.01564955711364746,0.01564955711364746,0.0,0.0,0.0,0.0
175,0.7,0.5199999999999999,17,25,5,1,172.0,0,0,0,0,0,0.01564955711364746,0.01564955711364746,0.0,0.0,0.0,0.0
176,0.7,0.5199999999999999,17,25,8,2,118.0,0,0,0,0,0,0.01564955711364746,0.01564955711364746,0.0,0.0,0.0,0.0
177,0.7,0.5199999999999999,17,25,7,1,177.0,0,0,0,0,0,0.01564955711364746,0.01564955711364746,0.0,0.0,0.0,0.0
178,0.7,0.5199999999999999,17,25,6,3,147.33333333333334,0,0,0,0,0,0.01564955711364746,0.01564955711364746,0.0,0.0,0.0,0.0
179,0.7,0.5199999999999999,17,25,5,1,176.0,0,0,0,0,0,0.01564955711364746,0.01564955711364746,0.0,0.0,0.0,0.0
180,0.7,0.5199999999999999,17,25,8,2,122.0,0,0,0,0,0,0.01564955711364746,0.01564955711364746,0.0,0.0,0.0,0.0
181,0.68,0.5199999999999999,17,25,7,1,181.0,0,0,0,0,0,0.01564955711364746,0.01564955711364746,0.0,0.0,0.0,0.0
182,0.68,0.5199999999999999,17,25,6,1,182.0,0,0,0,0,0,0.01564955711364746,0.01564955711364746,0.0,0.0,0.0,0.0
183,0.7,0.5199999999999999,17,25,5,1,180.0,0,0,0,0,0,0.01564955711364746,0.01564955711364746,0.0,0.0,0.0,0.0
184,0.7,0.5199999999999999,17,25,8,1,184.0,0,0,0,0,0,0.01564955711364746,0.01564955711364746,0.0,0.0,0.0,0.0
185,0.7,0.5199999999999999,17,25,7,3,148.0,0,0,0,0,0,0.01564955711364746,0.01564955711364746,0.0,0.0,0.0,0.0
186,0.7,0.5199999999999999,17,25,6,3,155.33333333333334,0,0,0,0,0,0.01564955711364746,0.01564955711364746,0.0,0.0,0.0,0.0
187,0.7,0.5199999999999999,17,25,5,1,187.0,0,0,0,0,0,0.01564955711364746,0.01564955711364746,0.0,0.0,0.0,0.0
188,0.7,0.5199999999999999,17,25,8,2,130.0,0,0,0,0,0,0.01564955711364746,0.01564955711364746,0.0,0.0,0.0,0.0
189,0.68,0.5199999999999999,17,25,7,1,189.0,0,0,0,0,0,0.01564955711364746,0.01564955711364746,0.0,0.0,0.0,0.0
190,0.68,0.5199999999999999,18,27,6,3,166.5,0,0,1,0,0,0.01564955711364746,0.01564955711364746,0.0,0.0,0.0,0.0
191,0.68,0.5402298850574712,19,29,5,2,166.0,0,0,1,0,0,0.01564955711364746,0.01564955711364746,0.0,0.0,0.0,0.0
192,0.68,0.5402298850574712,19,29,8,2,134.0,0,0,0,0,0,0.01564955711364746,0.01564955711364746,0.0,0.0,0.0,0.0
193,0.68,0.5402298850574712,19,29,8,1,193.0,0,0,0,0,0,0.01564955711364746,0.01564955711364746,0.0,0.0,0.0,0.0
194,0.7,0.5402298850574712,19,29,7,3,168.0,0,0,0,0,0,0.01564955711364746,0.01564955711364746,0.0,0.0,0.0,0.0
195,0.7,0.5402298850574712,19,29,6,1,192.0,0,0,0,0,0,0.01564955711364746,0.01564955711364746,0.0,0.0,0.0,0.0
196,0.7,0.5402298850574712,19,29,8,2,138.0,0,0,0,0,0,0.01564955711364746,0.01564955711364746,0.0,0.0,0.0,0.0
197,0.7,0.5402298850574712,20,31,8,1,197.0,0,0,1,0,0,0.01564955711364746,0.01564955711364746,0.0,0.0,0.0,0.0
198,0.7,0.5402298850574712,20,31,7,1,198.0,0,0,0,0,0,0.01564955711364746,0.01564955711364746,0.0,0.0,0.0,0.0
199,0.7,0.5376344086021505,20,31,7,1,196.0,0,0,0,0,0,0.01564955711364746,0.01564955711364746,0.0,0.0,0.0,0.0
200,0.7,0.5376344086021505,20,31,8,1,200.0,0,0,0,0,0,0.01564955711364746,0.01564955711364746,0.0,0.0,0.0,0.0
201,0.7,0.5376344086021505,20,31,9,2,135.33333333333331,0,0,0,0,0,0.01564955711364746,0.01564955711364746,0.0,0.0,0.0,0.0
202,0.7,0.5376344086021505,20,31,7,1,202.0,0,0,0,0,0,0.01564955711364746,0.01564955711364746,0.0,0.0,0.0,0.0
203,0.7,0.5376344086021505,20,31,7,2,137.33333333333331,0,0,0,0,0,0.01564955711364746,0.01564955711364746,0.0,0.0,0.0,0.0
204,0.7,0.5376344086021505,20,31,8,3,136.0,0,0,0,0,0,0.01564955711364746,0.01564955711364746,0.0,0.0,0.0,0.0
205,0.7,0.5376344086021505,20,31,9,2,139.33333333333331,0,0,0,0,0,0.01564955711364746,0.01564955711364746,0.0,0.0,0.0,0.0
206,0.7,0.5376344086021505,20,31,7,3,180.0,0,0,0,0,0,0.01564955711364746,0.01564955711364746,0.0,0.0,0.0,0.0
207,0.7,0.5454545454545454,20,33,7,1,204.0,1,0,1,0,0,0.01564955711364746,0.01564955711364746,0.0,0.0,0.0,0.0
208,0.7,0.5454545454545454,20,33,8,2,193.6,0,0,0,0,0,0.01564955711364746,0.01564955711364746,0.0,0.0,0.0,0.0
209,0.7,0.5454545454545454,20,33,9,1,209.0,0,0,0,0,0,0.01564955711364746,0.01564955711364746,0.0,0.0,0.0,0.0
210,0.7,0.5454545454545454,20,33,7,3,184.0,0,0,0,0,0,0.01564955711364746,0.01564955711364746,0.0,0.0,0.0,0.0
211,0.7,0.5454545454545454,20,33,7,3,144.5,0,0,0,0,0,0.01564955711364746,0.01564955711364746,0.0,0.0,0.0,0.0
212,0.7,0.5454545454545454,20,33,8,2,197.6,0,0,0,0,0,0.01564955711364746,0.01564955711364746,0.0,0.0,0.0,0.0
213,0.7,0.5454545454545454,20,33,9,2,147.33333333333331,0,0,0,0,0,0.01564955711364746,0.01564955711364746,0.0,0.0,0.0,0.0
214,0.7,0.5454545454545454,20,33,7,2,149.33333333333331,0,0,0,0,0,0.01564955711364746,0.01564955711364746,0.0,0.0,0.0,0.0
215,0.72,0.5454545454545454,20,33,7,1,212.0,0,0,0,0,0,0.01564955711364746,0.01564955711364746,0.0,0.0,0.0,0.0
216,0.72,0.5454545454545454,20,33,8,2,177.33333333333334,0,0,0,0,0,0.01564955711364746,0.01564955711364746,0.0,0.0,0.0,0.0
217,0.72,0.5454545454545454,20,33,9,3,180.0,0,0,0,0,0,0.01564955711364746,0.01564955711364746,0.0,0.0,0.0,0.0
218,0.72,0.5454545454545454,20,33,7,3,192.0,0,0,0,0,0,0.01564955711364746,0.01564955711364746,0.0,0.0,0.0,0.0
219,0.72,0.5454545454545454,20,33,7,1,216.0,0,0,0,0,0,0.01564955711364746,0.01564955711364746,0.0,0.0,0.0,0.0
220,0.72,0.5454545454545454,20,33,8,3,152.0,0,0,0,0,0,0.01564955711364746,0.01564955711364746,0.0,0.0,0.0,0.0
221,0.72,0.5454545454545454,20,33,9,1,221.0,0,0,0,0,0,0.01564955711364746,0.01564955711364746,0.0,0.0,0.0,0.0
222,0.72,0.5454545454545454,20,33,7,3,196.0,0,0,0,0,0,0.01564955711364746,0.01564955711364746,0.0,0.0,0.0,0.0
223,0.72,0.5454545454545454,20,33,7,1,220.0,0,0,0,0,0,0.01564955711364746,0.01564955711364746,0.0,0.0,0.0,0.0
224,0.74,0.5454545454545454,20,33,8,2,185.33333333333334,0,0,0,0,0,0.01564955711364746,0.01564955711364746,0.0,0.0,0.0,0.0
225,0.74,0.5454545454545454,20,33,9,1,225.0,0,0,0,0,0,0.01564955711364746,0.01564955711364746,0.0,0.0,0.0,0.0
226,0.74,0.5454545454545454,20,33,7,3,200.0,0,0,0,0,0,0.01564955711364746,0.01564955711364746,0.0,0.0,0.0,0.0
227,0.74,0.5454545454545454,20,33,7,1,224.0,0,0,0,0,0,0.01564955711364746,0.01564955711364746,0.0,0.0,0.0,0.0
228,0.74,0.5454545454545454,20,33,8,1,228.0,0,0,0,0,0,0.01564955711364746,0.01564955711364746,0.0,0.0,0.0,0.0
229,0.74,0.5454545454545454,21,34,9,3,163.0,0,0,1,0,0,0.01564955711364746,0.01564955711364746,0.0,0.0,0.0,0.0
230,0.74,0.5454545454545454,21,34,7,3,204.0,0,0,0,0,0,0.01564955711364746,0.01564955711364746,0.0,0.0,0.0,0.0
231,0.76,0.5392156862745098,21,34,7,1,228.0,0,0,0,0,0,0.01564955711364746,0.01564955711364746,0.0,0.0,0.0,0.0
232,0.76,0.5392156862745098,21,34,8,2,193.33333333333334,0,0,0,0,0,0.01564955711364746,0.01564955711364746,0.0,0.0,0.0,0.0
233,0.76,0.5392156862745098,21,34,10,1,233.0,0,0,0,0,0,0.01564955711364746,0.01564955711364746,0.0,0.0,0.0,0.0
234,0.76,0.5392156862745098,21,36,7,3,200.0,1,0,1,0,0,0.01564955711364746,0.01564955711364746,0.0,0.0,0.0,0.0
235,0.76,0.5462962962962963,21,36,7,1,232.0,0,0,0,0,0,0.01564955711364746,0.01564955711364746,0.0,0.0,0.0,0.0
236,0.76,0.5462962962962963,21,36,8,2,197.33333333333334,0,0,0,0,0,0.01564955711364746,0.01564955711364746,0.0,0.0,0.0,0.0
237,0.76,0.5462962962962963,21,36,10,1,237.0,0,0,0,0,0,0.01564955711364746,0.01564955711364746,0.0,0.0,0.0,0.0
238,0.78,0.5462962962962963,21,36,7,3,204.0,0,0,0,0,0,0.01564955711364746,0.01564955711364746,0.0,0.0,0.0,0.0
239,0.78,0.5462962962962963,21,36,7,1,239.0,0,0,0,0,0,0.01564955711364746,0.01564955711364746,0.0,0.0,0.0,0.0
240,0.78,0.5462962962962963,21,36,8,2,201.33333333333334,0,0,0,0,0,0.01564955711364746,0.01564955711364746,0.0,0.0,0.0,0.0
241,0.78,0.5462962962962963,21,36,10,4,142.4,0,0,0,0,0,0.01564955711364746,0.01564955711364746,0.0,0.0,0.0,0.0
242,0.78,0.5462962962962963,21,36,7,3,208.0,0,0,0,0,0,0.01564955711364746,0.01564955711364746,0.0,0.0,0.0,0.0
243,0.78,0.5462962962962963,21,36,7,2,177.33333333333331,0,0,0,0,0,0.01564955711364746,0.01564955711364746,0.0,0.0,0.0,0.0
244,0.78,0.5462962962962963,21,36,8,2,205.33333333333334,0,0,0,0,0,0.01564955711364746,0.01564955711364746,0.0,0.0,0.0,0.0
245,0.8,0.5462962962962963,21,36,10,1,245.0,0,0,0,0,0,0.01564955711364746,0.01564955711364746,0.0,0.0,0.0,0.0
246,0.82,0.5462962962962963,21,36,7,3,212.0,0,0,0,0,0,0.01564955711364746,0.01564955711364746,0.0,0.0,0.0,0.0
247,0.82,0.5462962962962963,21,36,7,2,181.33333333333331,0,0,0,0,0,0.01564955711364746,0.01564955711364746,0.0,0.0,0.0,0.0
248,0.82,0.5462962962962963,21,36,8,2,209.33333333333334,0,0,0,0,0,0.01564955711364746,0.01564955711364746,0.0,0.0,0.0,0.0
249,0.82,0.5462962962962963,21,36,10,1,249.0,0,0,0,0,0,0.01564955711364746,0.01564955711364746,0.0,0.0,0.0,0.0
250,0.84,0.5462962962962963,21,36,7,3,216.0,0,0,0,0,0,0.01564955711364746,0.01564955711364746,0.0,0.0,0.0,0.0
251,0.84,0.5462962962962963,21,36,7,2,185.33333333333331,0,0,0,0,0,0.01564955711364746,0.01564955711364746,0.0,0.0,0.0,0.0
252,0.84,0.5462962962962963,21,36,8,3,184.0,0,0,0,0,0,0.01564955711364746,0.01564955711364746,0.0,0.0,0.0,0.0
253,0.84,0.5462962962962963,21,36,10,2,187.33333333333331,0,0,0,0,0,0.01564955711364746,0.01564955711364746,0.0,0.0,0.0,0.0
254,0.84,0.5462962962962963,21,36,7,3,220.0,0,0,0,0,0,0.01564955711364746,0.01564955711364746,0.0,0.0,0.0,0.0
255,0.84,0.5462962962962963,21,36,7,2,189.33333333333331,0,0,0,0,0,0.01564955711364746,0.01564955711364746,0.0,0.0,0.0,0.0
256,0.86,0.5462962962962963,21,36,8,2,217.33333333333334,0,0,0,0,0,0.01564955711364746,0.01564955711364746,0.0,0.0,0.0,0.0
257,0.86,0.5462962962962963,21,36,10,2,191.33333333333331,0,0,0,0,0,0.01564955711364746,0.01564955711364746,0.0,0.0,0.0,0.0
258,0.86,0.5462962962962963,21,36,7,3,224.0,0,0,0,0,0,0.01564955711364746,0.01564955711364746,0.0,0.0,0.0,0.0
259,0.86,0.5462962962962963,21,36,7,1,259.0,0,0,1,0,0,0.01564955711364746,0.01564955711364746,0.0,0.0,0.0,0.0
260,0.86,0.5462962962962963,21,36,8,2,245.6,0,0,0,0,0,0.01564955711364746,0.01564955711364746,0.0,0.0,0.0,0.0
261,0.88,0.5462962962962963,21,36,10,1,261.0,0,0,0,0,0,0.01564955711364746,0.01564955711364746,0.0,0.0,0.0,0.0
262,0.88,0.5462962962962963,21,36,7,1,262.0,0,0,0,0,0,0.01564955711364746,0.01564955711364746,0.0,0.0,0.0,0.0
263,0.88,0.5462962962962963,21,36,7,1,260.0,0,0,0,0,0,0.01564955711364746,0.01564955711364746,0.0,0.0,0.0,0.0
264,0.88,0.5462962962962963,21,36,8,2,249.6,0,0,0,0,0,0.01564955711364746,0.01564955711364746,0.0,0.0,0.0,0.0
265,0.88,0.5462962962962963,21,36,10,1,265.0,0,0,0,0,0,0.01564955711364746,0.01564955711364746,0.0,0.0,0.0,0.0
266,0.88,0.5462962962962963,21,36,7,1,266.0,0,0,0,0,0,0.01564955711364746,0.01564955711364746,0.0,0.0,0.0,0.0
267,0.9,0.5462962962962963,21,36,7,1,264.0,0,0,0,0,0,0.01564955711364746,0.01564955711364746,0.0,0.0,0.0,0.0
268,0.9,0.5462962962962963,21,36,8,2,229.33333333333334,0,0,0,0,0,0.01564955711364746,0.01564955711364746,0.0,0.0,0.0,0.0
269,0.9,0.5462962962962963,21,36,10,1,269.0,0,0,0,0,0,0.01564955711364746,0.01564955711364746,0.0,0.0,0.0,0.0
270,0.9,0.5462962962962963,21,37,7,2,221.0,0,0,1,0,0,0.01564955711364746,0.01564955711364746,0.0,0.0,0.0,0.0
271,0.92,0.5495495495495496,21,37,7,1,268.0,0,0,0,0,0,0.01564955711364746,0.01564955711364746,0.0,0.0,0.0,0.0
272,0.92,0.5495495495495496,21,39,8,2,243.0,0,0,1,0,0,0.01564955711364746,0.01564955711364746,0.0,0.0,0.0,0.0
273,0.92,0.5495495495495496,21,39,10,2,223.75,0,0,0,0,0,0.01564955711364746,0.01564955711364746,0.0,0.0,0.0,0.0
274,0.92,0.5495495495495496,21,39,7,2,225.0,0,0,0,0,0,0.01564955711364746,0.01564955711364746,0.0,0.0,0.0,0.0
275,0.92,0.5555555555555555,21,39,7,1,272.0,0,0,0,0,0,0.01564955711364746,0.01564955711364746,0.0,0.0,0.0,0.0
276,0.92,0.5555555555555555,21,39,8,2,247.0,0,0,0,0,0,0.01564955711364746,0.01564955711364746,0.0,0.0,0.0,0.0
277,0.92,0.5555555555555555,21,39,10,3,240.0,0,0,0,0,0,0.01564955711364746,0.01564955711364746,0.0,0.0,0.0,0.0
278,0.92,0.5555555555555555,21,39,7,3,243.75,0,0,0,0,0,0.01564955711364746,0.01564955711364746,0.0,0.0,0.0,0.0
279,0.92,0.5555555555555555,21,39,7,1,276.0,0,0,0,0,0,0.01564955711364746,0.01564955711364746,0.0,0.0,0.0,0.0
280,0.92,0.5555555555555555,21,39,8,2,262.0,0,0,0,0,0,0.01564955711364746,0.01564955711364746,0.0,0.0,0.0,0.0
281,0.94,0.5555555555555555,21,39,10,1,281.0,0,0,0,0,0,0.01564955711364746,0.01564955711364746,0.0,0.0,0.0,0.0
282,0.94,0.5555555555555555,21,39,7,3,247.75,0,0,0,0,0,0.01564955711364746,0.01564955711364746,0.0,0.0,0.0,0.0
283,0.94,0.5555555555555555,21,39,7,1,283.0,0,0,0,0,0,0.01564955711364746,0.01564955711364746,0.0,0.0,0.0,0.0
284,0.94,0.5555555555555555,21,39,8,2,255.0,0,0,0,0,0,0.01564955711364746,0.01564955711364746,0.0,0.0,0.0,0.0
285,0.94,0.5555555555555555,21,39,10,1,285.0,0,0,0,0,0,0.01564955711364746,0.01564955711364746,0.0,0.0,0.0,0.0
286,0.94,0.5555555555555555,21,39,7,3,251.75,0,0,0,0,0,0.01564955711364746,0.01564955711364746,0.0,0.0,0.0,0.0
287,0.94,0.5555555555555555,21,39,7,2,237.75,0,0,0,0,0,0.01564955711364746,0.01564955711364746,0.0,0.0,0.0,0.0
288,0.94,0.5555555555555555,21,39,8,2,259.0,0,0,0,0,0,0.01564955711364746,0.01564955711364746,0.0,0.0,0.0,0.0
289,0.94,0.5555555555555555,21,39,10,1,289.0,0,0,0,0,0,0.01564955711364746,0.01564955711364746,0.0,0.0,0.0,0.0
290,0.96,0.5555555555555555,21,39,7,3,255.75,0,0,0,0,0,0.01564955711364746,0.01564955711364746,0.0,0.0,0.0,0.0
291,0.96,0.5555555555555555,21,39,7,1,288.0,0,0,0,0,0,0.01564955711364746,0.01564955711364746,0.0,0.0,0.0,0.0
292,0.96,0.5555555555555555,21,39,8,2,263.0,0,0,0,0,0,0.01564955711364746,0.01564955711364746,0.0,0.0,0.0,0.0
293,0.96,0.5555555555555555,21,39,10,1,293.0,0,0,0,0,0,0.01564955711364746,0.01564955711364746,0.0,0.0,0.0,0.0
294,0.96,0.5555555555555555,21,39,7,3,259.75,0,0,0,0,0,0.01564955711364746,0.01564955711364746,0.0,0.0,0.0,0.0
295,0.96,0.5555555555555555,21,39,7,1,295.0,0,0,0,0,0,0.01564955711364746,0.01564955711364746,0.0,0.0,0.0,0.0
296,0.96,0.5555555555555555,21,39,8,2,278.0,0,0,0,0,0,0.01564955711364746,0.01564955711364746,0.0,0.0,0.0,0.0
297,0.98,0.5555555555555555,21,39,10,1,297.0,0,0,0,0,0,0.01564955711364746,0.01564955711364746,0.0,0.0,0.0,0.0
298,0.98,0.5555555555555555,21,39,7,3,263.75,0,0,0,0,0,0.01564955711364746,0.01564955711364746,0.0,0.0,0.0,0.0
299,0.98,0.5555555555555555,21,39,7,2,249.75,0,0,0,0,0,0.01564955711364746,0.01564955711364746,0.0,0.0,0.0,0.0
300,0.98,0.5555555555555555,21,39,8,2,282.0,0,0,0,0,0,0.01564955711364746,0.01564955711364746,0.0,0.0,0.0,0.0
301,1.0,0.5555555555555555,21,39,10,1,301.0,0,0,0,0,0,0.01564955711364746,0.01564955711364746,0.0,0.0,0.0,0.0
302,1.0,0.5555555555555555,21,39,7,3,267.75,0,0,0,0,0,0.01564955711364746,0.01564955711364746,0.0,0.0,0.0,0.0
303,1.0,0.5555555555555555,21,39,7,1,300.0,0,0,0,0,0,0.01564955711364746,0.01564955711364746,0.0,0.0,0.0,0.0
304,1.0,0.5555555555555555,21,39,8,3,236.0,0,0,0,0,0,0.01564955711364746,0.01564955711364746,0.0,0.0,0.0,0.0
305,1.0,0.5555555555555555,21,39,10,2,255.75,0,0,0,0,0,0.01564955711364746,0.01564955711364746,0.0,0.0,0.0,0.0
306,1.0,0.5555555555555555,21,39,7,3,271.75,0,0,0,0,0,0.01564955711364746,0.01564955711364746,0.0,0.0,0.0,0.0
307,1.0,0.5555555555555555,21,39,7,2,257.75,0,0,0,0,0,0.01564955711364746,0.01564955711364746,0.0,0.0,0.0,0.0
308,1.0,0.5555555555555555,21,39,8,2,279.0,0,0,0,0,0,0.01564955711364746,0.01564955711364746,0.0,0.0,0.0,0.0
309,1.0,0.5555555555555555,21,39,10,1,309.0,0,0,0,0,0,0.01564955711364746,0.01564955711364746,0.0,0.0,0.0,0.0
310,1.0,0.5555555555555555,21,39,7,3,275.75,0,0,0,0,0,0.01564955711364746,0.01564955711364746,0.0,0.0,0.0,0.0
311,1.0,0.5555555555555555,21,39,7,1,308.0,0,0,0,0,0,0.01564955711364746,0.01564955711364746,0.0,0.0,0.0,0.0
312,1.0,0.5555555555555555,21,39,8,1,312.0,0,0,1,0,0,0.01564955711364746,0.01564955711364746,0.0,0.0,0.0,0.0
313,1.0,0.5555555555555555,21,39,10,1,313.0,0,0,0,0,0,0.01564955711364746,0.01564955711364746,0.0,0.0,0.0,0.0
314,1.0,0.5555555555555555,21,39,7,1,314.0,0,0,0,0,0,0.01564955711364746,0.01564955711364746,0.0,0.0,0.0,0.0
315,1.0,0.5555555555555555,21,39,7,2,265.75,0,0,0,0,0,0.01564955711364746,0.01564955711364746,0.0,0.0,0.0,0.0
316,1.0,0.5555555555555555,21,39,8,2,287.0,0,0,0,0,0,0.01564955711364746,0.01564955711364746,0.0,0.0,0.0,0.0
317,1.0,0.5555555555555555,21,39,10,1,317.0,0,0,0,0,0,0.01564955711364746,0.01564955711364746,0.0,0.0,0.0,0.0
318,1.0,0.5555555555555555,22,41,7,2,278.4,0,0,1,0,0,0.01564955711364746,0.01564955711364746,0.0,0.0,0.0,0.0
319,1.0,0.5528455284552845,22,41,7,1,316.0,0,0,0,0,0,0.01564955711364746,0.01564955711364746,0.0,0.0,0.0,0.0
320,1.0,0.5528455284552845,22,41,8,2,291.0,0,0,0,0,0,0.01564955711364746,0.01564955711364746,0.0,0.0,0.0,0.0
321,1.0,0.5528455284552845,22,41,10,1,321.0,0,0,0,0,0,0.01564955711364746,0.01564955711364746,0.0,0.0,0.0,0.0
322,1.0,0.5528455284552845,22,41,8,3,287.75,0,0,0,0,0,0.01564955711364746,0.01564955711364746,0.0,0.0,0.0,0.0
323,1.0,0.5348837209302325,23,43,7,3,272.1666666666667,0,0,1,0,0,0.01564955711364746,0.01564955711364746,0.0,0.0,0.0,0.0
324,1.0,0.5348837209302325,23,43,8,1,324.0,0,0,0,0,0,0.01564955711364746,0.01564955711364746,0.0,0.0,0.0,0.0
325,1.0,0.5348837209302325,23,43,10,1,325.0,0,0,0,0,0,0.01564955711364746,0.01564955711364746,0.0,0.0,0.0,0.0
326,1.0,0.5348837209302325,23,43,8,3,291.75,0,0,0,0,0,0.01564955711364746,0.01564955711364746,0.0,0.0,0.0,0.0
327,1.0,0.5407407407407406,24,45,8,1,324.0,0,0,1,0,0,0.01564955711364746,0.01564955711364746,0.0,0.0,0.0,0.0
328,1.0,0.5407407407407406,24,45,8,2,299.0,0,0,0,0,0,0.01564955711364746,0.01564955711364746,0.0,0.0,0.0,0.0
329,1.0,0.5407407407407406,24,45,10,4,240.83333333333331,0,0,0,0,0,0.01564955711364746,0.01564955711364746,0.0,0.0,0.0,0.0
330,1.0,0.5407407407407406,24,45,8,3,295.75,0,0,0,0,0,0.01564955711364746,0.01564955711364746,0.0,0.0,0.0,0.0
331,1.0,0.5407407407407406,24,45,9,2,281.75,0,0,0,0,0,0.01564955711364746,0.01564955711364746,0.0,0.0,0.0,0.0
332,1.0,0.5407407407407406,24,45,8,2,303.0,0,0,0,0,0,0.01564955711364746,0.01564955711364746,0.0,0.0,0.0,0.0
333,1.0,0.5407407407407406,24,45,10,4,244.83333333333331,0,0,0,0,0,0.01564955711364746,0.01564955711364746,0.0,0.0,0.0,0.0
334,1.0,0.5407407407407406,24,45,8,3,299.75,0,0,0,0,0,0.01564955711364746,0.01564955711364746,0.0,0.0,0.0,0.0
335,1.0,0.5407407407407406,24,45,9,1,332.0,0,0,0,0,0,0.01564955711364746,0.01564955711364746,0.0,0.0,0.0,0.0
336,1.0,0.5407407407407406,24,45,8,2,307.0,0,0,0,0,0,0.01564955711364746,0.01564955711364746,0.0,0.0,0.0,0.0
337,1.0,0.5407407407407406,24,45,10,4,248.83333333333331,0,0,0,0,0,0.01564955711364746,0.01564955711364746,0.0,0.0,0.0,0.0
338,1.0,0.5407407407407406,24,45,8,3,303.75,0,0,0,0,0,0.01564955711364746,0.01564955711364746,0.0,0.0,0.0,0.0
339,1.0,0.5407407407407406,24,45,9,1,336.0,0,0,0,0,0,0.01564955711364746,0.01564955711364746,0.0,0.0,0.0,0.0
340,1.0,0.5407407407407406,24,45,8,2,311.0,0,0,0,0,0,0.01564955711364746,0.01564955711364746,0.0,0.0,0.0,0.0
341,1.0,0.5407407407407406,24,45,10,1,341.0,0,0,0,0,0,0.01564955711364746,0.01564955711364746,0.0,0.0,0.0,0.0
342,1.0,0.5407407407407406,24,45,8,3,307.75,0,0,0,0,0,0.01564955711364746,0.01564955711364746,0.0,0.0,0.0,0.0
343,1.0,0.5407407407407406,24,45,9,1,340.0,0,0,0,0,0,0.01564955711364746,0.01564955711364746,0.0,0.0,0.0,0.0
344,1.0,0.5407407407407406,24,45,8,3,276.0,0,0,0,0,0,0.01564955711364746,0.01564955711364746,0.0,0.0,0.0,0.0
345,1.0,0.5407407407407406,24,47,10,3,293.5,0,0,1,0,0,0.01564955711364746,0.01564955711364746,0.0,0.0,0.0,0.0
346,1.0,0.5407407407407406,24,47,8,1,346.0,0,0,0,0,0,0.01564955711364746,0.01564955711364746,0.0,0.0,0.0,0.0
347,1.0,0.5319148936170213,24,47,9,1,344.0,0,0,0,0,0,0.01564955711364746,0.01564955711364746,0.0,0.0,0.0,0.0
348,1.0,0.5319148936170213,24,47,8,2,319.0,0,0,0,0,0,0.01564955711364746,0.01564955711364746,0.0,0.0,0.0,0.0
349,1.0,0.5319148936170213,24,47,10,1,349.0,0,0,0,0,0,0.01564955711364746,0.01564955711364746,0.0,0.0,0.0,0.0
350,1.0,0.5319148936170213,24,47,8,1,350.0,0,0,0,0,0,0.01564955711364746,0.01564955711364746,0.0,0.0,0.0,0.0
351,1.0,0.5319148936170213,24,47,9,1,348.0,0,0,0,0,0,0.01564955711364746,0.01564955711364746,0.0,0.0,0.0,0.0
352,1.0,0.5319148936170213,24,47,8,2,323.0,0,0,0,0,0,0.01564955711364746,0.01564955711364746,0.0,0.0,0.0,0.0
353,1.0,0.5319148936170213,24,47,10,1,353.0,0,0,0,0,0,0.01564955711364746,0.01564955711364746,0.0,0.0,0.0,0.0
354,1.0,0.5319148936170213,24,47,8,3,319.75,0,0,0,0,0,0.01564955711364746,0.01564955711364746,0.0,0.0,0.0,0.0
355,1.0,0.5319148936170213,24,47,9,2,305.75,0,0,0,0,0,0.01564955711364746,0.01564955711364746,0.0,0.0,0.0,0.0
356,1.0,0.5319148936170213,24,47,8,3,288.0,0,0,0,0,0,0.01564955711364746,0.01564955711364746,0.0,0.0,0.0,0.0
357,1.0,0.5319148936170213,24,47,10,3,305.5,0,0,0,0,0,0.01564955711364746,0.01564955711364746,0.0,0.0,0.0,0.0
358,1.0,0.5319148936170213,24,47,8,3,323.75,0,0,0,0,0,0.01564955711364746,0.01564955711364746,0.0,0.0,0.0,0.0
359,1.0,0.5347222222222222,24,48,9,1,356.0,0,0,1,0,0,0.01564955711364746,0.01564955711364746,0.0,0.0,0.0,0.0
360,1.0,0.5347222222222222,24,48,8,3,292.0,0,0,0,0,0,0.01564955711364746,0.01564955711364746,0.0,0.0,0.0,0.0
361,1.0,0.5347222222222222,24,48,10,1,361.0,0,0,0,0,0,0.01564955711364746,0.01564955711364746,0.0,0.0,0.0,0.0
362,1.0,0.5347222222222222,24,48,8,3,327.75,0,0,0,0,0,0.01564955711364746,0.01564955711364746,0.0,0.0,0.0,0.0
363,1.0,0.5347222222222222,24,48,9,4,273.2857142857143,0,0,0,0,0,0.01564955711364746,0.01564955711364746,0.0,0.0,0.0,0.0
364,1.0,0.5347222222222222,24,48,8,3,296.0,0,0,0,0,0,0.01564955711364746,0.01564955711364746,0.0,0.0,0.0,0.0
365,1.0,0.5347222222222222,24,48,10,1,365.0,0,0,0,0,0,0.01564955711364746,0.01564955711364746,0.0,0.0,0.0,0.0
366,1.0,0.5347222222222222,24,48,8,3,331.75,0,0,0,0,0,0.01564955711364746,0.01564955711364746,0.0,0.0,0.0,0.0
367,1.0,0.5333333333333333,25,50,9,2,258.0,0,0,1,0,0,0.01564955711364746,0.01564955711364746,0.0,0.0,0.0,0.0
368,1.0,0.5333333333333333,25,50,8,2,339.0,0,0,0,0,0,0.01564955711364746,0.01564955711364746,0.0,0.0,0.0,0.0
369,1.0,0.5333333333333333,25,50,11,2,246.66666666666669,0,0,0,0,0,0.01564955711364746,0.01564955711364746,0.0,0.0,0.0,0.0
370,1.0,0.5333333333333333,25,50,8,3,335.75,0,0,0,0,0,0.01564955711364746,0.01564955711364746,0.0,0.0,0.0,0.0
371,1.0,0.5333333333333333,25,50,10,1,368.0,0,0,0,0,0,0.01564955711364746,0.01564955711364746,0.0,0.0,0.0,0.0
372,1.0,0.5333333333333333,25,50,8,2,343.0,0,0,0,0,0,0.01564955711364746,0.01564955711364746,0.0,0.0,0.0,0.0
373,1.0,0.5333333333333333,25,51,11,3,309.3333333333333,0,0,1,0,0,0.01564955711364746,0.01564955711364746,0.0,0.0,0.0,0.0
374,1.0,0.5333333333333333,25,51,8,3,339.75,0,0,0,0,0,0.01564955711364746,0.01564955711364746,0.0,0.0,0.0,0.0
375,1.0,0.5294117647058824,25,51,10,2,325.75,0,0,0,0,0,0.01564955711364746,0.01564955711364746,0.0,0.0,0.0,0.0
376,1.0,0.5294117647058824,25,51,8,2,358.0,0,0,0,0,0,0.01564955711364746,0.01564955711364746,0.0,0.0,0.0,0.0
377,1.0,0.5294117647058824,25,51,11,4,288.8333333333333,0,0,0,0,0,0.01564955711364746,0.01564955711364746,0.0,0.0,0.0,0.0
378,1.0,0.5294117647058824,25,51,8,3,343.75,0,0,0,0,0,0.01564955711364746,0.01564955711364746,0.0,0.0,0.0,0.0
379,1.0,0.5294117647058824,25,51,10,3,205.5,0,0,0,0,0,0.01564955711364746,0.01564955711364746,0.0,0.0,0.0,0.0
380,1.0,0.5294117647058824,25,51,8,2,351.0,0,0,0,0,0,0.01564955711364746,0.01564955711364746,0.0,0.0,0.0,0.0
381,1.0,0.5294117647058824,25,51,11,2,258.6666666666667,0,0,0,0,0,0.01564955711364746,0.01564955711364746,0.0,0.0,0.0,0.0
382,1.0,0.5294117647058824,25,51,8,3,347.75,0,0,0,0,0,0.01564955711364746,0.01564955711364746,0.0,0.0,0.0,0.0
383,1.0,0.5294117647058824,25,51,10,1,380.0,0,0,0,0,0,0.01564955711364746,0.01564955711364746,0.0,0.0,0.0,0.0
384,1.0,0.5294117647058824,25,51,8,2,366.0,0,0,0,0,0,0.01564955711364746,0.01564955711364746,0.0,0.0,0.0,0.0
385,1.0,0.5294117647058824,25,51,11,2,335.75,0,0,0,0,0,0.01564955711364746,0.01564955711364746,0.0,0.0,0.0,0.0
386,1.0,0.5294117647058824,25,51,8,1,386.0,0,0,0,0,0,0.01564955711364746,0.01564955711364746,0.0,0.0,0.0,0.0
387,1.0,0.5294117647058824,25,51,10,1,384.0,0,0,0,0,0,0.01564955711364746,0.01564955711364746,0.0,0.0,0.0,0.0
388,1.0,0.5294117647058824,25,53,8,3,339.42857142857144,0,0,1,0,0,0.01564955711364746,0.01564955711364746,0.0,0.0,0.0,0.0
389,1.0,0.5294117647058824,25,53,11,2,266.6666666666667,0,0,0,0,0,0.01564955711364746,0.01564955711364746,0.0,0.0,0.0,0.0
390,1.0,0.5294117647058824,25,53,8,1,390.0,0,0,0,0,0,0.01564955711364746,0.01564955711364746,0.0,0.0,0.0,0.0
391,1.0,0.5345911949685535,25,53,10,1,388.0,0,0,0,0,0,0.01564955711364746,0.01564955711364746,0.0,0.0,0.0,0.0
392,1.0,0.5345911949685535,25,53,8,2,363.0,0,0,0,0,0,0.01564955711364746,0.01564955711364746,0.0,0.0,0.0,0.0
393,1.0,0.5345911949685535,25,53,11,4,304.8333333333333,0,0,0,0,0,0.01564955711364746,0.01564955711364746,0.0,0.0,0.0,0.0
394,1.0,0.5345911949685535,25,53,8,1,394.0,0,0,0,0,0,0.01564955711364746,0.01564955711364746,0.0,0.0,0.0,0.0
395,1.0,0.5345911949685535,25,53,10,1,392.0,0,0,0,0,0,0.01564955711364746,0.01564955711364746,0.0,0.0,0.0,0.0
396,1.0,0.5345911949685535,25,53,8,2,367.0,0,0,0,0,0,0.01564955711364746,0.01564955711364746,0.0,0.0,0.0,0.0
397,1.0,0.5345911949685535,25,53,11,2,274.6666666666667,0,0,0,0,0,0.01564955711364746,0.01564955711364746,0.0,0.0,0.0,0.0
398,1.0,0.5345911949685535,25,53,8,3,363.75,0,0,0,0,0,0.01564955711364746,0.01564955711364746,0.0,0.0,0.0,0.0
399,1.0,0.5345911949685535,25,53,10,2,349.75,0,0,0,0,0,0.01564955711364746,0.01564955711364746,0.0,0.0,0.0,0.0
400,1.0,0.5345911949685535,25,53,8,3,351.42857142857144,0,0,0,0,0,0.01564955711364746,0.01564955711364746,0.0,0.0,0.0,0.0
401,1.0,0.5345911949685535,25,53,11,4,312.8333333333333,0,0,0,0,0,0.01564955711364746,0.01564955711364746,0.0,0.0,0.0,0.0
402,1.0,0.5345911949685535,25,53,8,1,402.0,0,0,0,0,0,0.01564955711364746,0.01564955711364746,0.0,0.0,0.0,0.0
403,1.0,0.5345911949685535,25,53,10,1,400.0,0,0,0,0,0,0.01564955711364746,0.01564955711364746,0.0,0.0,0.0,0.0
404,1.0,0.5345911949685535,25,53,8,2,386.0,0,0,0,0,0,0.01564955711364746,0.01564955711364746,0.0,0.0,0.0,0.0
405,1.0,0.5345911949685535,25,53,11,2,282.6666666666667,0,0,0,0,0,0.01564955711364746,0.01564955711364746,0.0,0.0,0.0,0.0
406,1.0,0.5345911949685535,25,53,8,3,371.75,0,0,0,0,0,0.01564955711364746,0.01564955711364746,0.0,0.0,0.0,0.0
407,1.0,0.5345911949685535,25,53,10,1,404.0,0,0,0,0,0,0.01564955711364746,0.01564955711364746,0.0,0.0,0.0,0.0
408,1.0,0.5345911949685535,25,53,8,2,379.0,0,0,0,0,0,0.01564955711364746,0.01564955711364746,0.0,0.0,0.0,0.0
409,1.0,0.5345911949685535,25,53,11,2,286.6666666666667,0,0,0,0,0,0.01564955711364746,0.01564955711364746,0.0,0.0,0.0,0.0
410,1.0,0.5345911949685535,25,54,8,3,373.55555555555554,0,0,1,0,0,0.01564955711364746,0.01564955711364746,0.0,0.0,0.0,0.0
411,1.0,0.5370370370370371,25,54,10,1,408.0,0,0,0,0,0,0.01564955711364746,0.01564955711364746,0.0,0.0,0.0,0.0
412,1.0,0.5370370370370371,25,54,8,3,363.42857142857144,0,0,0,0,0,0.01564955711364746,0.01564955711364746,0.0,0.0,0.0,0.0
413,1.0,0.5370370370370371,25,54,11,2,290.6666666666667,0,0,0,0,0,0.01564955711364746,0.01564955711364746,0.0,0.0,0.0,0.0
414,1.0,0.5370370370370371,25,54,8,3,377.55555555555554,0,0,0,0,0,0.01564955711364746,0.01564955711364746,0.0,0.0,0.0,0.0
415,1.0,0.5370370370370371,25,54,10,1,412.0,0,0,0,0,0,0.01564955711364746,0.01564955711364746,0.0,0.0,0.0,0.0
416,1.0,0.5370370370370371,25,54,8,2,387.0,0,0,0,0,0,0.01564955711364746,0.01564955711364746,0.0,0.0,0.0,0.0
417,1.0,0.5370370370370371,25,54,11,2,294.6666666666667,0,0,0,0,0,0.01564955711364746,0.01564955711364746,0.0,0.0,0.0,0.0
418,1.0,0.5370370370370371,25,54,8,3,381.55555555555554,0,0,0,0,0,0.01564955711364746,0.01564955711364746,0.0,0.0,0.0,0.0
419,1.0,0.5370370370370371,25,54,10,1,416.0,0,0,0,0,0,0.01564955711364746,0.01564955711364746,0.0,0.0,0.0,0.0
420,1.0,0.5370370370370371,25,54,8,3,371.42857142857144,0,0,0,0,0,0.01564955711364746,0.01564955711364746,0.0,0.0,0.0,0.0
421,1.0,0.5370370370370371,25,54,11,3,357.3333333333333,0,0,0,0,0,0.01564955711364746,0.01564955711364746,0.0,0.0,0.0,0.0
422,1.0,0.5370370370370371,25,54,8,3,385.55555555555554,0,0,0,0,0,0.01564955711364746,0.01564955711364746,0.0,0.0,0.0,0.0
423,1.0,0.5370370370370371,25,54,10,1,420.0,0,0,0,0,0,0.01564955711364746,0.01564955711364746,0.0,0.0,0.0,0.0
424,1.0,0.5370370370370371,25,54,8,2,395.0,0,0,0,0,0,0.01564955711364746,0.01564955711364746,0.0,0.0,0.0,0.0
425,1.0,0.5370370370370371,25,54,11,4,336.8333333333333,0,0,0,0,0,0.01564955711364746,0.01564955711364746,0.0,0.0,0.0,0.0
426,1.0,0.5370370370370371,25,55,8,3,325.1428571428571,0,0,1,0,0,0.031273841857910156,0.01564955711364746,0.0,0.0,0.0,0.0
427,1.0,0.5393939393939393,25,55,10,1,424.0,0,0,0,0,0,0.031273841857910156,0.01564955711364746,0.0,0.0,0.0,0.0
428,1.0,0.5393939393939393,25,55,8,2,399.0,0,0,0,0,0,0.031273841857910156,0.01564955711364746,0.0,0.0,0.0,0.0
429,1.0,0.5393939393939393,26,57,11,4,353.2857142857143,0,0,1,0,0,0.031273841857910156,0.01564955711364746,0.0,0.0,0.0,0.0
430,1.0,0.5393939393939393,26,57,8,3,393.55555555555554,0,0,0,0,0,0.031273841857910156,0.01564955711364746,0.0,0.0,0.0,0.0
431,1.0,0.5380116959064327,26,57,11,4,341.2857142857143,0,0,0,0,0,0.031273841857910156,0.01564955711364746,0.0,0.0,0.0,0.0
432,1.0,0.5380116959064327,26,57,8,2,403.0,0,0,0,0,0,0.031273841857910156,0.01564955711364746,0.0,0.0,0.0,0.0
433,1.0,0.5380116959064327,26,57,12,3,234.0,0,0,0,0,0,0.031273841857910156,0.01564955711364746,0.0,0.0,0.0,0.0
434,1.0,0.5380116959064327,26,57,8,3,397.55555555555554,0,0,0,0,0,0.031273841857910156,0.01564955711364746,0.0,0.0,0.0,0.0
435,1.0,0.5380116959064327,26,57,11,1,432.0,0,0,0,0,0,0.031273841857910156,0.01564955711364746,0.0,0.0,0.0,0.0
436,1.0,0.5380116959064327,26,57,8,2,418.0,0,0,0,0,0,0.031273841857910156,0.01564955711364746,0.0,0.0,0.0,0.0
437,1.0,0.5380116959064327,26,57,12,4,361.2857142857143,0,0,0,0,0,0.031273841857910156,0.01564955711364746,0.0,0.0,0.0,0.0
438,1.0,0.5380116959064327,26,57,8,1,438.0,0,0,0,0,0,0.031273841857910156,0.01564955711364746,0.0,0.0,0.0,0.0
439,1.0,0.5380116959064327,26,57,11,1,436.0,0,0,0,0,0,0.031273841857910156,0.01564955711364746,0.0,0.0,0.0,0.0
440,1.0,0.5380116959064327,26,57,8,2,411.0,0,0,0,0,0,0.031273841857910156,0.01564955711364746,0.0,0.0,0.0,0.0
441,1.0,0.5380116959064327,26,57,12,3,242.0,0,0,0,0,0,0.031273841857910156,0.01564955711364746,0.0,0.0,0.0,0.0
442,1.0,0.5380116959064327,26,57,8,3,405.55555555555554,0,0,0,0,0,0.031273841857910156,0.01564955711364746,0.0,0.0,0.0,0.0
443,1.0,0.5380116959064327,26,57,11,4,353.2857142857143,0,0,0,0,0,0.031273841857910156,0.01564955711364746,0.0,0.0,0.0,0.0
444,1.0,0.5380116959064327,26,57,8,2,426.0,0,0,0,0,0,0.031273841857910156,0.01564955711364746,0.0,0.0,0.0,0.0
445,1.0,0.5380116959064327,26,57,12,3,246.0,0,0,0,0,0,0.031273841857910156,0.01564955711364746,0.0,0.0,0.0,0.0
446,1.0,0.5380116959064327,26,57,8,3,409.55555555555554,0,0,0,0,0,0.031273841857910156,0.01564955711364746,0.0,0.0,0.0,0.0
447,1.0,0.5380116959064327,26,57,11,1,444.0,0,0,0,0,0,0.031273841857910156,0.01564955711364746,0.0,0.0,0.0,0.0
448,1.0,0.5380116959064327,26,57,8,2,419.0,0,0,0,0,0,0.031273841857910156,0.01564955711364746,0.0,0.0,0.0,0.0
449,1.0,0.5380116959064327,26,57,12,3,250.0,0,0,0,0,0,0.031273841857910156,0.01564955711364746,0.0,0.0,0.0,0.0
450,1.0,0.5380116959064327,26,57,8,1,450.0,0,0,0,0,0,0.031273841857910156,0.01564955711364746,0.0,0.0,0.0,0.0
451,1.0,0.5423728813559322,26,59,11,1,448.0,1,0,1,0,0,0.031273841857910156,0.01564955711364746,0.0,0.0,0.0,0.0
452,1.0,0.5423728813559322,26,59,8,2,423.0,0,0,0,0,0,0.031273841857910156,0.01564955711364746,0.0,0.0,0.0,0.0
453,1.0,0.5423728813559322,26,59,12,3,254.0,0,0,0,0,0,0.031273841857910156,0.01564955711364746,0.0,0.0,0.0,0.0
454,1.0,0.5423728813559322,26,59,8,3,417.55555555555554,0,0,0,0,0,0.031273841857910156,0.01564955711364746,0.0,0.0,0.0,0.0
455,1.0,0.5423728813559322,26,59,11,1,452.0,0,0,0,0,0,0.031273841857910156,0.01564955711364746,0.0,0.0,0.0,0.0
456,1.0,0.5423728813559322,26,59,8,2,438.0,0,0,0,0,0,0.031273841857910156,0.01564955711364746,0.0,0.0,0.0,0.0
457,1.0,0.5423728813559322,26,59,12,3,258.0,0,0,0,0,0,0.031273841857910156,0.01564955711364746,0.0,0.0,0.0,0.0
458,1.0,0.5423728813559322,26,59,8,1,458.0,0,0,0,0,0,0.031273841857910156,0.01564955711364746,0.0,0.0,0.0,0.0
459,1.0,0.5423728813559322,26,59,11,1,456.0,0,0,0,0,0,0.031273841857910156,0.01564955711364746,0.0,0.0,0.0,0.0
460,0.98,0.5423728813559322,26,59,8,1,460.0,0,0,0,0,0,0.031273841857910156,0.01564955711364746,0.0,0.0,0.0,0.0
461,0.98,0.5423728813559322,26,59,12,4,385.2857142857143,0,0,0,0,0,0.031273841857910156,0.01564955711364746,0.0,0.0,0.0,0.0
462,0.98,0.5423728813559322,26,59,8,1,462.0,0,0,0,0,0,0.031273841857910156,0.01564955711364746,0.0,0.0,0.0,0.0
463,0.98,0.5423728813559322,26,59,11,1,460.0,0,0,0,0,0,0.031273841857910156,0.01564955711364746,0.0,0.0,0.0,0.0
464,0.98,0.5423728813559322,26,61,8,3,416.44444444444446,0,0,1,0,0,0.031273841857910156,0.01564955711364746,0.0,0.0,0.0,0.0
465,0.98,0.5423728813559322,27,63,12,4,398.625,0,1,1,0,0,0.031273841857910156,0.01564955711364746,0.0,0.0,0.0,0.0
466,0.98,0.5423728813559322,27,63,8,3,429.55555555555554,0,0,0,0,0,0.031273841857910156,0.01564955711364746,0.0,0.0,0.0,0.0
467,0.98,0.5343915343915343,27,63,12,1,464.0,0,0,0,0,0,0.031273841857910156,0.01564955711364746,0.0,0.0,0.0,0.0
468,0.98,0.5343915343915343,27,63,8,3,420.44444444444446,0,0,0,0,0,0.031273841857910156,0.01564955711364746,0.0,0.0,0.0,0.0
469,0.98,0.5343915343915343,27,63,13,3,270.0,0,0,0,0,0,0.031273841857910156,0.01564955711364746,0.0,0.0,0.0,0.0
470,0.98,0.5343915343915343,27,63,8,3,433.55555555555554,0,0,0,0,0,0.031273841857910156,0.01564955711364746,0.0,0.0,0.0,0.0
471,0.98,0.5343915343915343,27,63,12,5,334.375,0,0,0,0,0,0.031273841857910156,0.01564955711364746,0.0,0.0,0.0,0.0
472,0.98,0.5343915343915343,27,63,8,2,443.0,0,0,0,0,0,0.031273841857910156,0.01564955711364746,0.0,0.0,0.0,0.0
473,0.98,0.5343915343915343,27,63,13,3,274.0,0,0,0,0,0,0.031273841857910156,0.01564955711364746,0.0,0.0,0.0,0.0
474,0.98,0.5343915343915343,27,63,8,3,437.55555555555554,0,0,0,0,0,0.031273841857910156,0.01564955711364746,0.0,0.0,0.0,0.0
475,0.98,0.5343915343915343,27,63,12,1,472.0,0,0,0,0,0,0.031273841857910156,0.01564955711364746,0.0,0.0,0.0,0.0
476,0.98,0.5343915343915343,28,65,8,1,476.0,0,0,1,0,0,0.031273841857910156,0.01564955711364746,0.0,0.0,0.0,0.0
477,0.98,0.5343915343915343,28,65,13,3,317.8,0,0,0,0,0,0.031273841857910156,0.01564955711364746,0.0,0.0,0.0,0.0
478,0.98,0.5343915343915343,28,65,8,3,377.1428571428571,0,0,0,0,0,0.031273841857910156,0.01564955711364746,0.0,0.0,0.0,0.0
479,0.98,0.5333333333333334,28,65,12,1,476.0,0,0,0,0,0,0.031273841857910156,0.01564955711364746,0.0,0.0,0.0,0.0
480,0.98,0.5333333333333334,28,65,9,2,451.0,0,0,0,0,0,0.031273841857910156,0.01564955711364746,0.0,0.0,0.0,0.0
481,0.98,0.5333333333333334,28,65,13,3,321.8,0,0,0,0,0,0.031273841857910156,0.01564955711364746,0.0,0.0,0.0,0.0
482,0.98,0.5333333333333334,28,65,8,3,381.1428571428571,0,0,0,0,0,0.031273841857910156,0.01564955711364746,0.0,0.0,0.0,0.0
483,0.98,0.5323383084577115,28,67,12,2,417.3333333333333,1,0,1,0,0,0.031273841857910156,0.01564955711364746,0.0,0.0,0.0,0.0
484,0.98,0.5323383084577115,28,67,9,2,466.0,0,0,0,0,0,0.031273841857910156,0.01564955711364746,0.0,0.0,0.0,0.0
485,0.98,0.5323383084577115,28,67,13,3,325.8,0,0,0,0,0,0.031273841857910156,0.01564955711364746,0.0,0.0,0.0,0.0
486,0.98,0.5323383084577115,28,67,8,1,486.0,0,0,0,0,0,0.031273841857910156,0.01564955711364746,0.0,0.0,0.0,0.0
487,0.98,0.5323383084577115,28,67,12,1,484.0,0,0,0,0,0,0.031273841857910156,0.01564955711364746,0.0,0.0,0.0,0.0
488,0.98,0.5323383084577115,28,67,9,2,464.8,0,0,0,0,0,0.031273841857910156,0.01564955711364746,0.0,0.0,0.0,0.0
489,0.98,0.5323383084577115,28,67,13,3,425.3333333333333,0,0,0,0,0,0.031273841857910156,0.01564955711364746,0.0,0.0,0.0,0.0
490,0.98,0.5323383084577115,28,67,8,3,453.55555555555554,0,0,0,0,0,0.031273841857910156,0.01564955711364746,0.0,0.0,0.0,0.0
491,0.98,0.5323383084577115,28,67,12,2,425.3333333333333,0,0,0,0,0,0.031273841857910156,0.01564955711364746,0.0,0.0,0.0,0.0
492,0.98,0.5323383084577115,28,67,9,2,474.0,0,0,0,0,0,0.031273841857910156,0.01564955711364746,0.0,0.0,0.0,0.0
493,0.98,0.5323383084577115,28,67,13,3,429.3333333333333,0,0,0,0,0,0.031273841857910156,0.01564955711364746,0.0,0.0,0.0,0.0
494,0.98,0.5323383084577115,28,67,8,1,494.0,0,0,0,0,0,0.031273841857910156,0.01564955711364746,0.0,0.0,0.0,0.0
495,0.98,0.5323383084577115,28,67,12,1,492.0,0,0,0,0,0,0.031273841857910156,0.01564955711364746,0.0,0.0,0.0,0.0
496,0.98,0.5323383084577115,28,67,9,2,472.8,0,0,0,0,0,0.031273841857910156,0.01564955711364746,0.0,0.0,0.0,0.0
497,0.98,0.5323383084577115,28,67,13,3,337.8,0,0,0,0,0,0.031273841857910156,0.01564955711364746,0.0,0.0,0.0,0.0
498,0.98,0.5323383084577115,28,67,8,3,461.55555555555554,0,0,0,0,0,0.031273841857910156,0.01564955711364746,0.0,0.0,0.0,0.0
499,0.98,0.5323383084577115,28,67,12,2,433.3333333333333,0,0,0,0,0,0.031273841857910156,0.01564955711364746,0.0,0.0,0.0,0.0
